[
    {"user_id": "245b3e48-f959-464b-9615-b07d187d78a8", "timestamp": "05/01/2018", "breakfast": 8,"lunch": 5, "dinner": 5,"avg": 6, "weight": 155},
    {"user_id": "245b3e48-f959-464b-9615-b07d187d78a8", "timestamp": "04/30/2018", "breakfast": 4,"lunch": 7, "dinner": 4,"avg": 5, "weight": 154},
    {"user_id": "245b3e48-f959-464b-9615-b07d187d78a8", "timestamp": "04/29/2018", "breakfast": 6,"lunch": 9, "dinner": 9,"avg": 8, "weight": 153},
    {"user_id": "245b3e48-f959-464b-9615-b07d187d78a8", "timestamp": "04/28/2018", "breakfast": 7,"lunch": 5, "dinner": 9,"avg": 7, "weight": 153},
    {"user_id": "245b3e48-f959-464b-9615-b07d187d78a8", "timestamp": "04/27/2018", "breakfast": 2,"lunch": 10, "dinner": 9,"avg": 7, "weight": 152},
    {"user_id": "245b3e48-f959-464b-9615-b07d187d78a8", "timestamp": "04/26/2018", "breakfast": 8,"lunch": 5, "dinner": 5,"avg": 6, "weight": 151},
    {"user_id": "245b3e48-f959-464b-9615-b07d187d78a8", "timestamp": "04/25/2018", "breakfast": 7,"lunch": 6, "dinner": 8,"avg": 7, "weight": 150},
    {"user_id": "245b3e48-f959-464b-9615-b07d187d78a8", "timestamp": "04/24/2018", "breakfast": 7,"lunch": 6, "dinner": 2,"avg": 5, "weight": 150},
    {"user_id": "245b3e48-f959-464b-9615-b07d187d78a8", "timestamp": "04/23/2018", "breakfast": 6,"lunch": 9, "dinner": 9,"avg": 7, "weight": 151},
    {"user_id": "245b3e48-f959-464b-9615-b07d187d78a8", "timestamp": "04/22/2018", "breakfast": 7,"lunch": 6, "dinner": 2,"avg": 10, "weight": 152},
    {"user_id": "245b3e48-f959-464b-9615-b07d187d78a8", "timestamp": "04/21/2018", "breakfast": 6,"lunch": 9, "dinner": 9,"avg": 4, "weight": 150},
    {"user_id": "245b3e48-f959-464b-9615-b07d187d78a8", "timestamp": "04/20/2018", "breakfast": 7,"lunch": 6, "dinner": 2,"avg": 5, "weight": 151},
    {"user_id": "245b3e48-f959-464b-9615-b07d187d78a8", "timestamp": "04/19/2018", "breakfast": 6,"lunch": 9, "dinner": 9,"avg": 9, "weight": 150},
    {"user_id": "245b3e48-f959-464b-9615-b07d187d78a8", "timestamp": "04/18/2018", "breakfast": 7,"lunch": 6, "dinner": 2,"avg": 5, "weight": 150},
    {"user_id": "245b3e48-f959-464b-9615-b07d187d78a8", "timestamp": "04/17/2018", "breakfast": 6,"lunch": 9, "dinner": 9,"avg": 5, "weight": 150},
    {"user_id": "245b3e48-f959-464b-9615-b07d187d78a8", "timestamp": "04/16/2018", "breakfast": 7,"lunch": 6, "dinner": 2,"avg": 6, "weight": 150},
    {"user_id": "245b3e48-f959-464b-9615-b07d187d78a8", "timestamp": "04/15/2018", "breakfast": 6,"lunch": 9, "dinner": 9,"avg": 7, "weight": 150},
    {"user_id": "245b3e48-f959-464b-9615-b07d187d78a8", "timestamp": "04/14/2018", "breakfast": 7,"lunch": 6, "dinner": 2,"avg": 5, "weight": 150},
    {"user_id": "245b3e48-f959-464b-9615-b07d187d78a8", "timestamp": "04/13/2018", "breakfast": 6,"lunch": 9, "dinner": 9,"avg": 8, "weight": 150},
    {"user_id": "245b3e48-f959-464b-9615-b07d187d78a8", "timestamp": "04/12/2018", "breakfast": 7,"lunch": 6, "dinner": 2,"avg": 3, "weight": 150},
    {"user_id": "245b3e48-f959-464b-9615-b07d187d78a8", "timestamp": "04/11/2018", "breakfast": 6,"lunch": 9, "dinner": 9,"avg": 6, "weight": 150},
    {"user_id": "245b3e48-f959-464b-9615-b07d187d78a8", "timestamp": "04/10/2018", "breakfast": 7,"lunch": 6, "dinner": 2,"avg": 4, "weight": 150},
    {"user_id": "245b3e48-f959-464b-9615-b07d187d78a8", "timestamp": "04/09/2018", "breakfast": 6,"lunch": 9, "dinner": 9,"avg": 9, "weight": 150},
    {"user_id": "245b3e48-f959-464b-9615-b07d187d78a8", "timestamp": "04/08/2018", "breakfast": 7,"lunch": 6, "dinner": 2,"avg": 5, "weight": 150},
    {"user_id": "245b3e48-f959-464b-9615-b07d187d78a8", "timestamp": "04/07/2018", "breakfast": 6,"lunch": 9, "dinner": 9,"avg": 8, "weight": 150},
    {"user_id": "245b3e48-f959-464b-9615-b07d187d78a8", "timestamp": "04/06/2018", "breakfast": 7,"lunch": 6, "dinner": 2,"avg": 5, "weight": 150},
    {"user_id": "245b3e48-f959-464b-9615-b07d187d78a8", "timestamp": "04/05/2018", "breakfast": 6,"lunch": 9, "dinner": 9,"avg": 7, "weight": 150},
    {"user_id": "245b3e48-f959-464b-9615-b07d187d78a8", "timestamp": "04/04/2018", "breakfast": 7,"lunch": 6, "dinner": 2,"avg": 9, "weight": 150},
    {"user_id": "245b3e48-f959-464b-9615-b07d187d78a8", "timestamp": "04/03/2018", "breakfast": 6,"lunch": 9, "dinner": 9,"avg": 10, "weight": 150},
    {"user_id": "245b3e48-f959-464b-9615-b07d187d78a8", "timestamp": "04/02/2018", "breakfast": 7,"lunch": 6, "dinner": 2,"avg": 4, "weight": 150},
    {"user_id": "245b3e48-f959-464b-9615-b07d187d78a8", "timestamp": "04/01/2018", "breakfast": 6,"lunch": 9, "dinner": 9,"avg": 7, "weight": 150},
    {"user_id": "245b3e48-f959-464b-9615-b07d187d78a8", "timestamp": "03/31/2018", "breakfast": 7,"lunch": 5, "dinner": 9,"avg": 5, "weight": 150},
    {"user_id": "245b3e48-f959-464b-9615-b07d187d78a8", "timestamp": "03/30/2018", "breakfast": 8,"lunch": 5, "dinner": 5,"avg": 6, "weight": 150},
    {"user_id": "245b3e48-f959-464b-9615-b07d187d78a8", "timestamp": "03/29/2018", "breakfast": 7,"lunch": 5, "dinner": 9,"avg": 7, "weight": 150},
    {"user_id": "245b3e48-f959-464b-9615-b07d187d78a8", "timestamp": "03/28/2018", "breakfast": 6,"lunch": 9, "dinner": 9,"avg": 8, "weight": 150},
    {"user_id": "245b3e48-f959-464b-9615-b07d187d78a8", "timestamp": "03/27/2018", "breakfast": 4,"lunch": 7, "dinner": 4,"avg": 5, "weight": 153},
    {"user_id": "245b3e48-f959-464b-9615-b07d187d78a8", "timestamp": "03/26/2018", "breakfast": 2,"lunch": 10, "dinner": 9,"avg": 7, "weight": 150},
    {"user_id": "245b3e48-f959-464b-9615-b07d187d78a8", "timestamp": "03/25/2018", "breakfast": 7,"lunch": 6, "dinner": 2,"avg": 5, "weight": 150},
    {"user_id": "245b3e48-f959-464b-9615-b07d187d78a8", "timestamp": "03/24/2018", "breakfast": 6,"lunch": 9, "dinner": 9,"avg": 8, "weight": 153},
    {"user_id": "245b3e48-f959-464b-9615-b07d187d78a8", "timestamp": "03/23/2018", "breakfast": 7,"lunch": 5, "dinner": 9,"avg": 7, "weight": 150},
    {"user_id": "245b3e48-f959-464b-9615-b07d187d78a8", "timestamp": "03/22/2018", "breakfast": 8,"lunch": 5, "dinner": 5,"avg": 6, "weight": 150},
    {"user_id": "245b3e48-f959-464b-9615-b07d187d78a8", "timestamp": "03/21/2018", "breakfast": 7,"lunch": 6, "dinner": 2,"avg": 5, "weight": 150},
    {"user_id": "245b3e48-f959-464b-9615-b07d187d78a8", "timestamp": "03/20/2018", "breakfast": 6,"lunch": 9, "dinner": 9,"avg": 8, "weight": 150},
    {"user_id": "245b3e48-f959-464b-9615-b07d187d78a8", "timestamp": "03/19/2018", "breakfast": 7,"lunch": 5, "dinner": 9,"avg": 7, "weight": 150},
    {"user_id": "245b3e48-f959-464b-9615-b07d187d78a8", "timestamp": "03/18/2018", "breakfast": 8,"lunch": 5, "dinner": 5,"avg": 6, "weight": 150},
    {"user_id": "245b3e48-f959-464b-9615-b07d187d78a8", "timestamp": "03/17/2018", "breakfast": 7,"lunch": 5, "dinner": 9,"avg": 7, "weight": 150},
    {"user_id": "245b3e48-f959-464b-9615-b07d187d78a8", "timestamp": "03/16/2018", "breakfast": 6,"lunch": 9, "dinner": 9,"avg": 8, "weight": 150},
    {"user_id": "245b3e48-f959-464b-9615-b07d187d78a8", "timestamp": "03/15/2018", "breakfast": 4,"lunch": 7, "dinner": 4,"avg": 5, "weight": 153},
    {"user_id": "245b3e48-f959-464b-9615-b07d187d78a8", "timestamp": "03/14/2018", "breakfast": 2,"lunch": 10, "dinner": 9,"avg": 7, "weight": 150},
    {"user_id": "245b3e48-f959-464b-9615-b07d187d78a8", "timestamp": "03/13/2018", "breakfast": 7,"lunch": 6, "dinner": 2,"avg": 5, "weight": 150},
    {"user_id": "245b3e48-f959-464b-9615-b07d187d78a8", "timestamp": "03/12/2018", "breakfast": 6,"lunch": 9, "dinner": 9,"avg": 8, "weight": 153},
    {"user_id": "245b3e48-f959-464b-9615-b07d187d78a8", "timestamp": "03/11/2018", "breakfast": 7,"lunch": 5, "dinner": 9,"avg": 7, "weight": 150},
    {"user_id": "245b3e48-f959-464b-9615-b07d187d78a8", "timestamp": "03/10/2018", "breakfast": 8,"lunch": 5, "dinner": 5,"avg": 6, "weight": 150},
    {"user_id": "245b3e48-f959-464b-9615-b07d187d78a8", "timestamp": "03/09/2018", "breakfast": 7,"lunch": 5, "dinner": 9,"avg": 7, "weight": 150},
    {"user_id": "245b3e48-f959-464b-9615-b07d187d78a8", "timestamp": "03/08/2018", "breakfast": 6,"lunch": 9, "dinner": 9,"avg": 8, "weight": 150},
    {"user_id": "245b3e48-f959-464b-9615-b07d187d78a8", "timestamp": "03/07/2018", "breakfast": 4,"lunch": 7, "dinner": 4,"avg": 5, "weight": 152},
    {"user_id": "245b3e48-f959-464b-9615-b07d187d78a8", "timestamp": "03/06/2018", "breakfast": 8,"lunch": 5, "dinner": 5,"avg": 6, "weight": 150},
    {"user_id": "245b3e48-f959-464b-9615-b07d187d78a8", "timestamp": "03/05/2018", "breakfast": 7,"lunch": 6, "dinner": 2,"avg": 5, "weight": 150},
    {"user_id": "245b3e48-f959-464b-9615-b07d187d78a8", "timestamp": "03/04/2018", "breakfast": 6,"lunch": 9, "dinner": 9,"avg": 8, "weight": 150},
    {"user_id": "245b3e48-f959-464b-9615-b07d187d78a8", "timestamp": "03/03/2018", "breakfast": 7,"lunch": 5, "dinner": 9,"avg": 7, "weight": 151},
    {"user_id": "245b3e48-f959-464b-9615-b07d187d78a8", "timestamp": "03/02/2018", "breakfast": 8,"lunch": 5, "dinner": 5,"avg": 6, "weight": 150},
    {"user_id": "245b3e48-f959-464b-9615-b07d187d78a8", "timestamp": "03/01/2018", "breakfast": 7,"lunch": 5, "dinner": 9,"avg": 7, "weight": 149},
    {"user_id": "245b3e48-f959-464b-9615-b07d187d78a8", "timestamp": "02/21/2018", "breakfast": 7,"lunch": 6, "dinner": 2,"avg": 5, "weight": 150},
    {"user_id": "245b3e48-f959-464b-9615-b07d187d78a8", "timestamp": "02/20/2018", "breakfast": 6,"lunch": 9, "dinner": 9,"avg": 8, "weight": 150},
    {"user_id": "245b3e48-f959-464b-9615-b07d187d78a8", "timestamp": "02/19/2018", "breakfast": 7,"lunch": 5, "dinner": 9,"avg": 7, "weight": 150},
    {"user_id": "245b3e48-f959-464b-9615-b07d187d78a8", "timestamp": "02/18/2018", "breakfast": 8,"lunch": 5, "dinner": 5,"avg": 6, "weight": 150},
    {"user_id": "245b3e48-f959-464b-9615-b07d187d78a8", "timestamp": "02/17/2018", "breakfast": 7,"lunch": 5, "dinner": 9,"avg": 7, "weight": 150},
    {"user_id": "245b3e48-f959-464b-9615-b07d187d78a8", "timestamp": "02/16/2018", "breakfast": 6,"lunch": 9, "dinner": 9,"avg": 8, "weight": 150},
    {"user_id": "245b3e48-f959-464b-9615-b07d187d78a8", "timestamp": "02/15/2018", "breakfast": 4,"lunch": 7, "dinner": 4,"avg": 5, "weight": 153},
    {"user_id": "245b3e48-f959-464b-9615-b07d187d78a8", "timestamp": "02/14/2018", "breakfast": 2,"lunch": 10, "dinner": 9,"avg": 7, "weight": 150},
    {"user_id": "245b3e48-f959-464b-9615-b07d187d78a8", "timestamp": "02/13/2018", "breakfast": 7,"lunch": 6, "dinner": 2,"avg": 5, "weight": 150},
    {"user_id": "245b3e48-f959-464b-9615-b07d187d78a8", "timestamp": "02/12/2018", "breakfast": 6,"lunch": 9, "dinner": 9,"avg": 8, "weight": 153},
    {"user_id": "245b3e48-f959-464b-9615-b07d187d78a8", "timestamp": "02/11/2018", "breakfast": 7,"lunch": 5, "dinner": 9,"avg": 7, "weight": 150},
    {"user_id": "245b3e48-f959-464b-9615-b07d187d78a8", "timestamp": "02/10/2018", "breakfast": 8,"lunch": 5, "dinner": 5,"avg": 6, "weight": 150},
    {"user_id": "245b3e48-f959-464b-9615-b07d187d78a8", "timestamp": "02/09/2018", "breakfast": 7,"lunch": 5, "dinner": 9,"avg": 7, "weight": 150},
    {"user_id": "245b3e48-f959-464b-9615-b07d187d78a8", "timestamp": "02/08/2018", "breakfast": 6,"lunch": 9, "dinner": 9,"avg": 8, "weight": 150},
    {"user_id": "245b3e48-f959-464b-9615-b07d187d78a8", "timestamp": "02/07/2018", "breakfast": 4,"lunch": 7, "dinner": 4,"avg": 5, "weight": 152},
    {"user_id": "245b3e48-f959-464b-9615-b07d187d78a8", "timestamp": "02/06/2018", "breakfast": 8,"lunch": 5, "dinner": 5,"avg": 6, "weight": 150},
    {"user_id": "245b3e48-f959-464b-9615-b07d187d78a8", "timestamp": "02/05/2018", "breakfast": 7,"lunch": 6, "dinner": 2,"avg": 5, "weight": 150},
    {"user_id": "245b3e48-f959-464b-9615-b07d187d78a8", "timestamp": "02/04/2018", "breakfast": 6,"lunch": 9, "dinner": 9,"avg": 8, "weight": 150},
    {"user_id": "245b3e48-f959-464b-9615-b07d187d78a8", "timestamp": "02/03/2018", "breakfast": 7,"lunch": 5, "dinner": 9,"avg": 7, "weight": 151},
    {"user_id": "245b3e48-f959-464b-9615-b07d187d78a8", "timestamp": "02/02/2018", "breakfast": 8,"lunch": 5, "dinner": 5,"avg": 6, "weight": 150},
    {"user_id": "245b3e48-f959-464b-9615-b07d187d78a8", "timestamp": "02/01/2018", "breakfast": 7,"lunch": 5, "dinner": 9,"avg": 7, "weight": 149},
    {"user_id": "245b3e48-f959-464b-9615-b07d187d78a8", "timestamp": "01/31/2018", "breakfast": 6,"lunch": 9, "dinner": 9,"avg": 8, "weight": 150},
    {"user_id": "245b3e48-f959-464b-9615-b07d187d78a8", "timestamp": "01/30/2018", "breakfast": 4,"lunch": 7, "dinner": 4,"avg": 5, "weight": 150},
    {"user_id": "245b3e48-f959-464b-9615-b07d187d78a8", "timestamp": "01/29/2018", "breakfast": 8,"lunch": 5, "dinner": 5,"avg": 6, "weight": 150},
    {"user_id": "245b3e48-f959-464b-9615-b07d187d78a8", "timestamp": "01/28/2018", "breakfast": 7,"lunch": 6, "dinner": 2,"avg": 5, "weight": 150},
    {"user_id": "245b3e48-f959-464b-9615-b07d187d78a8", "timestamp": "01/27/2018", "breakfast": 6,"lunch": 9, "dinner": 9,"avg": 8, "weight": 150},
    {"user_id": "245b3e48-f959-464b-9615-b07d187d78a8", "timestamp": "01/26/2018", "breakfast": 7,"lunch": 5, "dinner": 9,"avg": 7, "weight": 151},
    {"user_id": "245b3e48-f959-464b-9615-b07d187d78a8", "timestamp": "01/25/2018", "breakfast": 8,"lunch": 5, "dinner": 5,"avg": 6, "weight": 150},
    {"user_id": "245b3e48-f959-464b-9615-b07d187d78a8", "timestamp": "01/24/2018", "breakfast": 7,"lunch": 5, "dinner": 9,"avg": 7, "weight": 150},
    {"user_id": "245b3e48-f959-464b-9615-b07d187d78a8", "timestamp": "01/23/2018", "breakfast": 6,"lunch": 9, "dinner": 9,"avg": 8, "weight": 150},
    {"user_id": "245b3e48-f959-464b-9615-b07d187d78a8", "timestamp": "01/22/2018", "breakfast": 4,"lunch": 7, "dinner": 4,"avg": 5, "weight": 148},
    {"user_id": "245b3e48-f959-464b-9615-b07d187d78a8", "timestamp": "01/21/2018", "breakfast": 7,"lunch": 6, "dinner": 2,"avg": 5, "weight": 150},
    {"user_id": "245b3e48-f959-464b-9615-b07d187d78a8", "timestamp": "01/20/2018", "breakfast": 6,"lunch": 9, "dinner": 9,"avg": 8, "weight": 150},
    {"user_id": "245b3e48-f959-464b-9615-b07d187d78a8", "timestamp": "01/19/2018", "breakfast": 7,"lunch": 5, "dinner": 9,"avg": 7, "weight": 150},
    {"user_id": "245b3e48-f959-464b-9615-b07d187d78a8", "timestamp": "01/18/2018", "breakfast": 8,"lunch": 5, "dinner": 5,"avg": 6, "weight": 151},
    {"user_id": "245b3e48-f959-464b-9615-b07d187d78a8", "timestamp": "01/17/2018", "breakfast": 7,"lunch": 5, "dinner": 9,"avg": 7, "weight": 151},
    {"user_id": "245b3e48-f959-464b-9615-b07d187d78a8", "timestamp": "01/16/2018", "breakfast": 6,"lunch": 9, "dinner": 9,"avg": 8, "weight": 151},
    {"user_id": "245b3e48-f959-464b-9615-b07d187d78a8", "timestamp": "01/15/2018", "breakfast": 4,"lunch": 7, "dinner": 4,"avg": 5, "weight": 151},
    {"user_id": "245b3e48-f959-464b-9615-b07d187d78a8", "timestamp": "01/14/2018", "breakfast": 2,"lunch": 10, "dinner": 9,"avg": 7, "weight": 151},
    {"user_id": "245b3e48-f959-464b-9615-b07d187d78a8", "timestamp": "01/13/2018", "breakfast": 7,"lunch": 6, "dinner": 2,"avg": 5, "weight": 150},
    {"user_id": "245b3e48-f959-464b-9615-b07d187d78a8", "timestamp": "01/12/2018", "breakfast": 6,"lunch": 9, "dinner": 9,"avg": 8, "weight": 150},
    {"user_id": "245b3e48-f959-464b-9615-b07d187d78a8", "timestamp": "01/11/2018", "breakfast": 7,"lunch": 5, "dinner": 9,"avg": 7, "weight": 150},
    {"user_id": "245b3e48-f959-464b-9615-b07d187d78a8", "timestamp": "01/10/2018", "breakfast": 8,"lunch": 5, "dinner": 5,"avg": 6, "weight": 152},
    {"user_id": "245b3e48-f959-464b-9615-b07d187d78a8", "timestamp": "01/09/2018", "breakfast": 7,"lunch": 5, "dinner": 9,"avg": 7, "weight": 151},
    {"user_id": "245b3e48-f959-464b-9615-b07d187d78a8", "timestamp": "01/08/2018", "breakfast": 6,"lunch": 9, "dinner": 9,"avg": 8, "weight": 150},
    {"user_id": "245b3e48-f959-464b-9615-b07d187d78a8", "timestamp": "01/07/2018", "breakfast": 4,"lunch": 7, "dinner": 4,"avg": 5, "weight": 150},
    {"user_id": "245b3e48-f959-464b-9615-b07d187d78a8", "timestamp": "01/06/2018", "breakfast": 8,"lunch": 5, "dinner": 5,"avg": 6, "weight": 150},
    {"user_id": "245b3e48-f959-464b-9615-b07d187d78a8", "timestamp": "01/05/2018", "breakfast": 7,"lunch": 6, "dinner": 2,"avg": 5, "weight": 150},
    {"user_id": "245b3e48-f959-464b-9615-b07d187d78a8", "timestamp": "01/04/2018", "breakfast": 6,"lunch": 9, "dinner": 9,"avg": 8, "weight": 150},
    {"user_id": "245b3e48-f959-464b-9615-b07d187d78a8", "timestamp": "01/03/2018", "breakfast": 7,"lunch": 5, "dinner": 9,"avg": 7, "weight": 151},
    {"user_id": "245b3e48-f959-464b-9615-b07d187d78a8", "timestamp": "01/02/2018", "breakfast": 8,"lunch": 5, "dinner": 5,"avg": 6, "weight": 150},
    {"user_id": "245b3e48-f959-464b-9615-b07d187d78a8", "timestamp": "01/01/2018", "breakfast": 7,"lunch": 5, "dinner": 9,"avg": 7, "weight": 150},
    {"user_id": "245b3e48-f959-464b-9615-b07d187d78a8", "timestamp": "12/31/2017", "breakfast": 6,"lunch": 9, "dinner": 9,"avg": 8, "weight": 150},
    {"user_id": "245b3e48-f959-464b-9615-b07d187d78a8", "timestamp": "12/30/2017", "breakfast": 4,"lunch": 7, "dinner": 4,"avg": 5, "weight": 149},
    {"user_id": "245b3e48-f959-464b-9615-b07d187d78a8", "timestamp": "12/29/2017", "breakfast": 8,"lunch": 5, "dinner": 5,"avg": 6, "weight": 150},
    {"user_id": "245b3e48-f959-464b-9615-b07d187d78a8", "timestamp": "12/28/2017", "breakfast": 7,"lunch": 6, "dinner": 2,"avg": 5, "weight": 150},
    {"user_id": "245b3e48-f959-464b-9615-b07d187d78a8", "timestamp": "12/27/2017", "breakfast": 6,"lunch": 9, "dinner": 9,"avg": 8, "weight": 150},
    {"user_id": "245b3e48-f959-464b-9615-b07d187d78a8", "timestamp": "12/26/2017", "breakfast": 7,"lunch": 5, "dinner": 9,"avg": 7, "weight": 150},
    {"user_id": "245b3e48-f959-464b-9615-b07d187d78a8", "timestamp": "12/25/2017", "breakfast": 8,"lunch": 5, "dinner": 5,"avg": 6, "weight": 145},
    {"user_id": "245b3e48-f959-464b-9615-b07d187d78a8", "timestamp": "12/24/2017", "breakfast": 7,"lunch": 5, "dinner": 9,"avg": 7, "weight": 150},
    {"user_id": "245b3e48-f959-464b-9615-b07d187d78a8", "timestamp": "12/23/2017", "breakfast": 6,"lunch": 9, "dinner": 9,"avg": 8, "weight": 150},
    {"user_id": "245b3e48-f959-464b-9615-b07d187d78a8", "timestamp": "12/22/2017", "breakfast": 4,"lunch": 7, "dinner": 4,"avg": 5, "weight": 150},
    {"user_id": "245b3e48-f959-464b-9615-b07d187d78a8", "timestamp": "12/21/2017", "breakfast": 7,"lunch": 6, "dinner": 2,"avg": 5, "weight": 151},
    {"user_id": "245b3e48-f959-464b-9615-b07d187d78a8", "timestamp": "12/20/2017", "breakfast": 6,"lunch": 9, "dinner": 9,"avg": 8, "weight": 150},
    {"user_id": "245b3e48-f959-464b-9615-b07d187d78a8", "timestamp": "12/19/2017", "breakfast": 7,"lunch": 5, "dinner": 9,"avg": 7, "weight": 150},
    {"user_id": "245b3e48-f959-464b-9615-b07d187d78a8", "timestamp": "12/18/2017", "breakfast": 8,"lunch": 5, "dinner": 5,"avg": 6, "weight": 151},
    {"user_id": "245b3e48-f959-464b-9615-b07d187d78a8", "timestamp": "12/17/2017", "breakfast": 7,"lunch": 5, "dinner": 9,"avg": 7, "weight": 150},
    {"user_id": "245b3e48-f959-464b-9615-b07d187d78a8", "timestamp": "12/16/2017", "breakfast": 6,"lunch": 9, "dinner": 9,"avg": 8, "weight": 150},
    {"user_id": "245b3e48-f959-464b-9615-b07d187d78a8", "timestamp": "12/15/2017", "breakfast": 4,"lunch": 7, "dinner": 4,"avg": 5, "weight": 152},
    {"user_id": "245b3e48-f959-464b-9615-b07d187d78a8", "timestamp": "12/14/2017", "breakfast": 2,"lunch": 10, "dinner": 9,"avg": 7, "weight": 150},
    {"user_id": "245b3e48-f959-464b-9615-b07d187d78a8", "timestamp": "12/13/2017", "breakfast": 7,"lunch": 6, "dinner": 2,"avg": 5, "weight": 150},
    {"user_id": "245b3e48-f959-464b-9615-b07d187d78a8", "timestamp": "12/12/2017", "breakfast": 6,"lunch": 9, "dinner": 9,"avg": 8, "weight": 153},
    {"user_id": "245b3e48-f959-464b-9615-b07d187d78a8", "timestamp": "12/11/2017", "breakfast": 7,"lunch": 5, "dinner": 9,"avg": 7, "weight": 150},
    {"user_id": "245b3e48-f959-464b-9615-b07d187d78a8", "timestamp": "12/10/2017", "breakfast": 8,"lunch": 5, "dinner": 5,"avg": 6, "weight": 150},
    {"user_id": "245b3e48-f959-464b-9615-b07d187d78a8", "timestamp": "12/09/2017", "breakfast": 7,"lunch": 5, "dinner": 9,"avg": 7, "weight": 150},
    {"user_id": "245b3e48-f959-464b-9615-b07d187d78a8", "timestamp": "12/08/2017", "breakfast": 6,"lunch": 9, "dinner": 9,"avg": 8, "weight": 150},
    {"user_id": "245b3e48-f959-464b-9615-b07d187d78a8", "timestamp": "12/07/2017", "breakfast": 4,"lunch": 7, "dinner": 4,"avg": 5, "weight": 148},
    {"user_id": "245b3e48-f959-464b-9615-b07d187d78a8", "timestamp": "12/06/2017", "breakfast": 8,"lunch": 5, "dinner": 5,"avg": 6, "weight": 150},
    {"user_id": "245b3e48-f959-464b-9615-b07d187d78a8", "timestamp": "12/05/2017", "breakfast": 7,"lunch": 6, "dinner": 2,"avg": 5, "weight": 150},
    {"user_id": "245b3e48-f959-464b-9615-b07d187d78a8", "timestamp": "12/04/2017", "breakfast": 6,"lunch": 9, "dinner": 9,"avg": 8, "weight": 150},
    {"user_id": "245b3e48-f959-464b-9615-b07d187d78a8", "timestamp": "12/03/2017", "breakfast": 7,"lunch": 5, "dinner": 9,"avg": 7, "weight": 150},
    {"user_id": "245b3e48-f959-464b-9615-b07d187d78a8", "timestamp": "12/02/2017", "breakfast": 8,"lunch": 5, "dinner": 5,"avg": 6, "weight": 150},
    {"user_id": "245b3e48-f959-464b-9615-b07d187d78a8", "timestamp": "12/01/2017", "breakfast": 7,"lunch": 5, "dinner": 9,"avg": 7, "weight": 150},
    {"user_id": "245b3e48-f959-464b-9615-b07d187d78a8", "timestamp": "11/30/2017", "breakfast": 6,"lunch": 9, "dinner": 9,"avg": 8, "weight": 152},
    {"user_id": "245b3e48-f959-464b-9615-b07d187d78a8", "timestamp": "11/29/2017", "breakfast": 4,"lunch": 7, "dinner": 4,"avg": 5, "weight": 150},
    {"user_id": "245b3e48-f959-464b-9615-b07d187d78a8", "timestamp": "11/28/2017", "breakfast": 8,"lunch": 5, "dinner": 5,"avg": 6, "weight": 150},
    {"user_id": "245b3e48-f959-464b-9615-b07d187d78a8", "timestamp": "11/27/2017", "breakfast": 7,"lunch": 6, "dinner": 2,"avg": 5, "weight": 150},
    {"user_id": "245b3e48-f959-464b-9615-b07d187d78a8", "timestamp": "11/26/2017", "breakfast": 6,"lunch": 9, "dinner": 9,"avg": 8, "weight": 150},
    {"user_id": "245b3e48-f959-464b-9615-b07d187d78a8", "timestamp": "11/25/2017", "breakfast": 7,"lunch": 5, "dinner": 9,"avg": 7, "weight": 150},
    {"user_id": "245b3e48-f959-464b-9615-b07d187d78a8", "timestamp": "11/24/2017", "breakfast": 8,"lunch": 5, "dinner": 5,"avg": 6, "weight": 151},
    {"user_id": "245b3e48-f959-464b-9615-b07d187d78a8", "timestamp": "11/23/2017", "breakfast": 7,"lunch": 5, "dinner": 9,"avg": 7, "weight": 150},
    {"user_id": "245b3e48-f959-464b-9615-b07d187d78a8", "timestamp": "11/22/2017", "breakfast": 6,"lunch": 9, "dinner": 9,"avg": 8, "weight": 151},
    {"user_id": "245b3e48-f959-464b-9615-b07d187d78a8", "timestamp": "11/21/2017", "breakfast": 4,"lunch": 7, "dinner": 4,"avg": 5, "weight": 150},
    {"user_id": "245b3e48-f959-464b-9615-b07d187d78a8", "timestamp": "11/20/2017", "breakfast": 7,"lunch": 6, "dinner": 2,"avg": 5, "weight": 150},
    {"user_id": "245b3e48-f959-464b-9615-b07d187d78a8", "timestamp": "11/19/2017", "breakfast": 6,"lunch": 9, "dinner": 9,"avg": 8, "weight": 150},
    {"user_id": "245b3e48-f959-464b-9615-b07d187d78a8", "timestamp": "11/18/2017", "breakfast": 7,"lunch": 5, "dinner": 9,"avg": 7, "weight": 153},
    {"user_id": "245b3e48-f959-464b-9615-b07d187d78a8", "timestamp": "11/17/2017", "breakfast": 8,"lunch": 5, "dinner": 5,"avg": 6, "weight": 150},
    {"user_id": "245b3e48-f959-464b-9615-b07d187d78a8", "timestamp": "11/16/2017", "breakfast": 7,"lunch": 5, "dinner": 9,"avg": 7, "weight": 150},
    {"user_id": "245b3e48-f959-464b-9615-b07d187d78a8", "timestamp": "11/15/2017", "breakfast": 6,"lunch": 9, "dinner": 9,"avg": 8, "weight": 150},
    {"user_id": "245b3e48-f959-464b-9615-b07d187d78a8", "timestamp": "11/14/2017", "breakfast": 4,"lunch": 7, "dinner": 4,"avg": 5, "weight": 149},
    {"user_id": "245b3e48-f959-464b-9615-b07d187d78a8", "timestamp": "11/13/2017", "breakfast": 2,"lunch": 10, "dinner": 9,"avg": 7, "weight": 150},
    {"user_id": "245b3e48-f959-464b-9615-b07d187d78a8", "timestamp": "11/12/2017", "breakfast": 7,"lunch": 6, "dinner": 2,"avg": 5, "weight": 150},
    {"user_id": "245b3e48-f959-464b-9615-b07d187d78a8", "timestamp": "11/11/2017", "breakfast": 6,"lunch": 9, "dinner": 9,"avg": 8, "weight": 146},
    {"user_id": "245b3e48-f959-464b-9615-b07d187d78a8", "timestamp": "11/10/2017", "breakfast": 7,"lunch": 5, "dinner": 9,"avg": 7, "weight": 150},
    {"user_id": "245b3e48-f959-464b-9615-b07d187d78a8", "timestamp": "11/09/2017", "breakfast": 8,"lunch": 5, "dinner": 5,"avg": 6, "weight": 150},
    {"user_id": "245b3e48-f959-464b-9615-b07d187d78a8", "timestamp": "11/08/2017", "breakfast": 7,"lunch": 5, "dinner": 9,"avg": 7, "weight": 150},
    {"user_id": "245b3e48-f959-464b-9615-b07d187d78a8", "timestamp": "11/07/2017", "breakfast": 6,"lunch": 9, "dinner": 9,"avg": 8, "weight": 150},
    {"user_id": "245b3e48-f959-464b-9615-b07d187d78a8", "timestamp": "11/06/2017", "breakfast": 4,"lunch": 7, "dinner": 4,"avg": 5, "weight": 150},
    {"user_id": "245b3e48-f959-464b-9615-b07d187d78a8", "timestamp": "11/05/2017", "breakfast": 8,"lunch": 5, "dinner": 5,"avg": 6, "weight": 150},
    {"user_id": "245b3e48-f959-464b-9615-b07d187d78a8", "timestamp": "11/04/2017", "breakfast": 7,"lunch": 6, "dinner": 2,"avg": 5, "weight": 153},
    {"user_id": "245b3e48-f959-464b-9615-b07d187d78a8", "timestamp": "11/03/2017", "breakfast": 6,"lunch": 9, "dinner": 9,"avg": 8, "weight": 150},
    {"user_id": "245b3e48-f959-464b-9615-b07d187d78a8", "timestamp": "11/02/2017", "breakfast": 7,"lunch": 5, "dinner": 9,"avg": 7, "weight": 150},
    {"user_id": "245b3e48-f959-464b-9615-b07d187d78a8", "timestamp": "11/01/2017", "breakfast": 8,"lunch": 5, "dinner": 5,"avg": 6, "weight": 150},
    {"user_id": "245b3e48-f959-464b-9615-b07d187d78a8", "timestamp": "10/31/2017", "breakfast": 7,"lunch": 5, "dinner": 9,"avg": 7, "weight": 151},
    {"user_id": "245b3e48-f959-464b-9615-b07d187d78a8", "timestamp": "10/30/2017", "breakfast": 6,"lunch": 9, "dinner": 9,"avg": 8, "weight": 150},
    {"user_id": "245b3e48-f959-464b-9615-b07d187d78a8", "timestamp": "10/29/2017", "breakfast": 4,"lunch": 7, "dinner": 4,"avg": 5, "weight": 150},
    {"user_id": "245b3e48-f959-464b-9615-b07d187d78a8", "timestamp": "10/28/2017", "breakfast": 8,"lunch": 5, "dinner": 5,"avg": 6, "weight": 150},
    {"user_id": "245b3e48-f959-464b-9615-b07d187d78a8", "timestamp": "10/27/2017", "breakfast": 7,"lunch": 6, "dinner": 2,"avg": 5, "weight": 150},
    {"user_id": "245b3e48-f959-464b-9615-b07d187d78a8", "timestamp": "10/26/2017", "breakfast": 6,"lunch": 9, "dinner": 9,"avg": 8, "weight": 152},
    {"user_id": "245b3e48-f959-464b-9615-b07d187d78a8", "timestamp": "10/25/2017", "breakfast": 7,"lunch": 5, "dinner": 9,"avg": 7, "weight": 150},
    {"user_id": "245b3e48-f959-464b-9615-b07d187d78a8", "timestamp": "10/24/2017", "breakfast": 8,"lunch": 5, "dinner": 5,"avg": 6, "weight": 150},
    {"user_id": "245b3e48-f959-464b-9615-b07d187d78a8", "timestamp": "10/23/2017", "breakfast": 7,"lunch": 5, "dinner": 9,"avg": 7, "weight": 152},
    {"user_id": "245b3e48-f959-464b-9615-b07d187d78a8", "timestamp": "10/22/2017", "breakfast": 6,"lunch": 9, "dinner": 9,"avg": 8, "weight": 152},
    {"user_id": "245b3e48-f959-464b-9615-b07d187d78a8", "timestamp": "10/21/2017", "breakfast": 4,"lunch": 7, "dinner": 4,"avg": 5, "weight": 152},
    {"user_id": "245b3e48-f959-464b-9615-b07d187d78a8", "timestamp": "10/20/2017", "breakfast": 7,"lunch": 6, "dinner": 2,"avg": 5, "weight": 152},
    {"user_id": "245b3e48-f959-464b-9615-b07d187d78a8", "timestamp": "10/19/2017", "breakfast": 6,"lunch": 9, "dinner": 9,"avg": 8, "weight": 150},
    {"user_id": "245b3e48-f959-464b-9615-b07d187d78a8", "timestamp": "10/18/2017", "breakfast": 7,"lunch": 5, "dinner": 9,"avg": 7, "weight": 150},
    {"user_id": "245b3e48-f959-464b-9615-b07d187d78a8", "timestamp": "10/17/2017", "breakfast": 8,"lunch": 5, "dinner": 5,"avg": 6, "weight": 150},
    {"user_id": "245b3e48-f959-464b-9615-b07d187d78a8", "timestamp": "10/16/2017", "breakfast": 7,"lunch": 5, "dinner": 9,"avg": 7, "weight": 150},
    {"user_id": "245b3e48-f959-464b-9615-b07d187d78a8", "timestamp": "10/15/2017", "breakfast": 6,"lunch": 9, "dinner": 9,"avg": 8, "weight": 151},
    {"user_id": "245b3e48-f959-464b-9615-b07d187d78a8", "timestamp": "10/14/2017", "breakfast": 4,"lunch": 7, "dinner": 4,"avg": 5, "weight": 150},
    {"user_id": "245b3e48-f959-464b-9615-b07d187d78a8", "timestamp": "10/13/2017", "breakfast": 2,"lunch": 10, "dinner": 9,"avg": 7, "weight": 151},
    {"user_id": "245b3e48-f959-464b-9615-b07d187d78a8", "timestamp": "10/12/2017", "breakfast": 7,"lunch": 6, "dinner": 2,"avg": 5, "weight": 151},
    {"user_id": "245b3e48-f959-464b-9615-b07d187d78a8", "timestamp": "10/11/2017", "breakfast": 6,"lunch": 9, "dinner": 9,"avg": 8, "weight": 150},
    {"user_id": "245b3e48-f959-464b-9615-b07d187d78a8", "timestamp": "10/10/2017", "breakfast": 7,"lunch": 5, "dinner": 9,"avg": 7, "weight": 150},
    {"user_id": "245b3e48-f959-464b-9615-b07d187d78a8", "timestamp": "10/09/2017", "breakfast": 8,"lunch": 5, "dinner": 5,"avg": 6, "weight": 150},
    {"user_id": "245b3e48-f959-464b-9615-b07d187d78a8", "timestamp": "10/08/2017", "breakfast": 7,"lunch": 5, "dinner": 9,"avg": 7, "weight": 149},
    {"user_id": "245b3e48-f959-464b-9615-b07d187d78a8", "timestamp": "10/07/2017", "breakfast": 6,"lunch": 9, "dinner": 9,"avg": 8, "weight": 152},
    {"user_id": "245b3e48-f959-464b-9615-b07d187d78a8", "timestamp": "10/06/2017", "breakfast": 4,"lunch": 7, "dinner": 4,"avg": 5, "weight": 150},
    {"user_id": "245b3e48-f959-464b-9615-b07d187d78a8", "timestamp": "10/05/2017", "breakfast": 8,"lunch": 5, "dinner": 5,"avg": 6, "weight": 150},
    {"user_id": "245b3e48-f959-464b-9615-b07d187d78a8", "timestamp": "10/04/2017", "breakfast": 7,"lunch": 6, "dinner": 2,"avg": 5, "weight": 150},
    {"user_id": "245b3e48-f959-464b-9615-b07d187d78a8", "timestamp": "10/03/2017", "breakfast": 6,"lunch": 9, "dinner": 9,"avg": 8, "weight": 152},
    {"user_id": "245b3e48-f959-464b-9615-b07d187d78a8", "timestamp": "10/02/2017", "breakfast": 7,"lunch": 5, "dinner": 9,"avg": 7, "weight": 152},
    {"user_id": "245b3e48-f959-464b-9615-b07d187d78a8", "timestamp": "10/01/2017", "breakfast": 8,"lunch": 5, "dinner": 5,"avg": 6, "weight": 152},
    {"user_id": "245b3e48-f959-464b-9615-b07d187d78a8", "timestamp": "09/30/2017", "breakfast": 7,"lunch": 5, "dinner": 9,"avg": 7, "weight": 152},
    {"user_id": "245b3e48-f959-464b-9615-b07d187d78a8", "timestamp": "09/29/2017", "breakfast": 6,"lunch": 9, "dinner": 9,"avg": 8, "weight": 152},
    {"user_id": "245b3e48-f959-464b-9615-b07d187d78a8", "timestamp": "09/28/2017", "breakfast": 4,"lunch": 7, "dinner": 4,"avg": 5, "weight": 150},
    {"user_id": "245b3e48-f959-464b-9615-b07d187d78a8", "timestamp": "09/27/2017", "breakfast": 8,"lunch": 5, "dinner": 5,"avg": 6, "weight": 150},
    {"user_id": "245b3e48-f959-464b-9615-b07d187d78a8", "timestamp": "09/26/2017", "breakfast": 7,"lunch": 6, "dinner": 2,"avg": 5, "weight": 150},
    {"user_id": "245b3e48-f959-464b-9615-b07d187d78a8", "timestamp": "09/25/2017", "breakfast": 6,"lunch": 9, "dinner": 9,"avg": 8, "weight": 150},
    {"user_id": "245b3e48-f959-464b-9615-b07d187d78a8", "timestamp": "09/24/2017", "breakfast": 7,"lunch": 5, "dinner": 9,"avg": 7, "weight": 150},
    {"user_id": "245b3e48-f959-464b-9615-b07d187d78a8", "timestamp": "09/23/2017", "breakfast": 8,"lunch": 5, "dinner": 5,"avg": 6, "weight": 153},
    {"user_id": "245b3e48-f959-464b-9615-b07d187d78a8", "timestamp": "09/22/2017", "breakfast": 7,"lunch": 5, "dinner": 9,"avg": 7, "weight": 153},
    {"user_id": "245b3e48-f959-464b-9615-b07d187d78a8", "timestamp": "09/21/2017", "breakfast": 6,"lunch": 9, "dinner": 9,"avg": 8, "weight": 153},
    {"user_id": "245b3e48-f959-464b-9615-b07d187d78a8", "timestamp": "09/20/2017", "breakfast": 4,"lunch": 7, "dinner": 4,"avg": 5, "weight": 153},
    {"user_id": "245b3e48-f959-464b-9615-b07d187d78a8", "timestamp": "09/19/2017", "breakfast": 7,"lunch": 6, "dinner": 2,"avg": 5, "weight": 153},
    {"user_id": "245b3e48-f959-464b-9615-b07d187d78a8", "timestamp": "09/18/2017", "breakfast": 6,"lunch": 9, "dinner": 9,"avg": 8, "weight": 150},
    {"user_id": "245b3e48-f959-464b-9615-b07d187d78a8", "timestamp": "09/17/2017", "breakfast": 7,"lunch": 5, "dinner": 9,"avg": 7, "weight": 150},
    {"user_id": "245b3e48-f959-464b-9615-b07d187d78a8", "timestamp": "09/16/2017", "breakfast": 8,"lunch": 5, "dinner": 5,"avg": 6, "weight": 150},
    {"user_id": "245b3e48-f959-464b-9615-b07d187d78a8", "timestamp": "09/15/2017", "breakfast": 7,"lunch": 5, "dinner": 9,"avg": 7, "weight": 152},
    {"user_id": "245b3e48-f959-464b-9615-b07d187d78a8", "timestamp": "09/14/2017", "breakfast": 6,"lunch": 9, "dinner": 9,"avg": 8, "weight": 152},
    {"user_id": "245b3e48-f959-464b-9615-b07d187d78a8", "timestamp": "09/13/2017", "breakfast": 4,"lunch": 7, "dinner": 4,"avg": 5, "weight": 152},
    {"user_id": "245b3e48-f959-464b-9615-b07d187d78a8", "timestamp": "09/12/2017", "breakfast": 2,"lunch": 10, "dinner": 9,"avg": 7, "weight": 152},
    {"user_id": "245b3e48-f959-464b-9615-b07d187d78a8", "timestamp": "09/11/2017", "breakfast": 7,"lunch": 6, "dinner": 2,"avg": 5, "weight": 151},
    {"user_id": "245b3e48-f959-464b-9615-b07d187d78a8", "timestamp": "09/10/2017", "breakfast": 6,"lunch": 9, "dinner": 9,"avg": 8, "weight": 151},
    {"user_id": "245b3e48-f959-464b-9615-b07d187d78a8", "timestamp": "09/09/2017", "breakfast": 7,"lunch": 5, "dinner": 9,"avg": 7, "weight": 151},
    {"user_id": "245b3e48-f959-464b-9615-b07d187d78a8", "timestamp": "09/08/2017", "breakfast": 8,"lunch": 5, "dinner": 5,"avg": 6, "weight": 151},
    {"user_id": "245b3e48-f959-464b-9615-b07d187d78a8", "timestamp": "09/07/2017", "breakfast": 7,"lunch": 5, "dinner": 9,"avg": 7, "weight": 151},
    {"user_id": "245b3e48-f959-464b-9615-b07d187d78a8", "timestamp": "09/06/2017", "breakfast": 6,"lunch": 9, "dinner": 9,"avg": 8, "weight": 151},
    {"user_id": "245b3e48-f959-464b-9615-b07d187d78a8", "timestamp": "09/05/2017", "breakfast": 4,"lunch": 7, "dinner": 4,"avg": 5, "weight": 151},
    {"user_id": "245b3e48-f959-464b-9615-b07d187d78a8", "timestamp": "09/04/2017", "breakfast": 8,"lunch": 5, "dinner": 5,"avg": 6, "weight": 151},
    {"user_id": "245b3e48-f959-464b-9615-b07d187d78a8", "timestamp": "09/03/2017", "breakfast": 7,"lunch": 6, "dinner": 2,"avg": 5, "weight": 150},
    {"user_id": "245b3e48-f959-464b-9615-b07d187d78a8", "timestamp": "09/02/2017", "breakfast": 6,"lunch": 9, "dinner": 9,"avg": 8, "weight": 149},
    {"user_id": "245b3e48-f959-464b-9615-b07d187d78a8", "timestamp": "09/01/2017", "breakfast": 7,"lunch": 5, "dinner": 9,"avg": 7, "weight": 149}
]